sku,product_type,attribute_set_code,product_websites,name,description,short_description,weight,product_online,categories,price,special_price,visibility,tax_class_name,manufacturer,color,meta_title,meta_keywords,meta_description,base_image,small_image,thumbnail_image,additional_images,swatch_image,qty,out_of_stock_qty,use_config_min_qty,is_qty_decimal,allow_backorders,use_config_backorders,min_cart_qty,use_config_min_sale_qty,max_cart_qty,use_config_max_sale_qty,is_in_stock,notify_on_stock_below,use_config_notify_stock_qty,manage_stock,use_config_manage_stock,use_config_qty_increments,qty_increments,use_config_enable_qty_inc,enable_qty_increments,is_decimal_divided,website_id,related_skus,crosssell_skus,upsell_skus,additional_attributes,url_key
HDP-1001,simple,Default,base,Heavy Duty Pneumatic Cylinder,High-performance pneumatic cylinder for industrial automation applications. Features precision-machined components for smooth operation and long service life. Includes mounting brackets and connection fittings.,Heavy-duty pneumatic cylinder for industrial automation,3.5,1,Industrial Parts/Pneumatic Components,189.99,175.99,"Catalog, Search",Taxable Goods,Parker,Silver,Heavy Duty Pneumatic Cylinder | Industrial Parts,"pneumatic cylinder, industrial automation, heavy duty",High-performance pneumatic cylinder with precision-machined components for industrial automation applications,https://raw.githubusercontent.com/slamech/commerce-sample-data/refs/heads/main/images/HDP-1001.jpg ,https://raw.githubusercontent.com/slamech/commerce-sample-data/refs/heads/main/images/HDP-1001.jpg ,https://raw.githubusercontent.com/slamech/commerce-sample-data/refs/heads/main/images/HDP-1001.jpg ,,https://raw.githubusercontent.com/slamech/commerce-sample-data/refs/heads/main/images/HDP-1001.jpg ,100,0,1,0,0,1,1,1,10000,1,1,1,1,1,1,1,1,1,0,0,0,,,,"max_pressure=150PSI,bore_diameter=2.5inches,stroke_length=10inches,mounting_type=universal",heavy-duty-pneumatic-cylinder
HEC-2002,simple,Default,base,High Efficiency Electric Motor,Industrial-grade electric motor with premium efficiency rating. Features copper windings and precision bearings for reduced energy consumption and extended operational life. Suitable for continuous operation environments.,Premium efficiency industrial electric motor,25.8,1,Industrial Parts/Electric Motors,349.99,329.99,"Catalog, Search",Taxable Goods,Siemens,Black,High Efficiency Electric Motor | Industrial Parts,"electric motor, high efficiency, industrial grade",Energy-efficient industrial electric motor with premium copper windings and precision bearings,https://raw.githubusercontent.com/slamech/commerce-sample-data/refs/heads/main/images/HEC-2002.jpg ,https://raw.githubusercontent.com/slamech/commerce-sample-data/refs/heads/main/images/HEC-2002.jpg ,https://raw.githubusercontent.com/slamech/commerce-sample-data/refs/heads/main/images/HEC-2002.jpg ,,https://raw.githubusercontent.com/slamech/commerce-sample-data/refs/heads/main/images/HEC-2002.jpg ,50,0,1,0,0,1,1,1,10000,1,1,1,1,1,1,1,1,1,0,0,0,,,,"horsepower=5HP,voltage=480V,phase=three,rpm=1750,efficiency_rating=premium,frame_size=184T",high-efficiency-electric-motor
PSV-3003,simple,Default,base,Precision Solenoid Valve,"Stainless steel solenoid valve designed for precise flow control in demanding industrial environments. Features low power consumption and fast response time. Compatible with various media including water, air, and light oils.",Precision solenoid valve for industrial flow control,0.85,1,Industrial Parts/Valves,112.5,99.99,"Catalog, Search",Taxable Goods,SMC,Silver,Precision Solenoid Valve | Industrial Parts,"solenoid valve, flow control, stainless steel",High-precision stainless steel solenoid valve for demanding industrial flow control applications,https://raw.githubusercontent.com/slamech/commerce-sample-data/refs/heads/main/images/PSV-3003.jpg ,https://raw.githubusercontent.com/slamech/commerce-sample-data/refs/heads/main/images/PSV-3003.jpg ,https://raw.githubusercontent.com/slamech/commerce-sample-data/refs/heads/main/images/PSV-3003.jpg ,,https://raw.githubusercontent.com/slamech/commerce-sample-data/refs/heads/main/images/PSV-3003.jpg ,120,0,1,0,0,1,1,1,10000,1,1,1,1,1,1,1,1,1,0,0,0,,,,"port_size=1/4inch,operating_pressure=0-145PSI,voltage=24VDC,media=air|water|oil,response_time=20ms",precision-solenoid-valve
ISS-4004,simple,Default,base,Industrial Safety Switch,Heavy-duty safety interlock switch for industrial machinery protection. Features reinforced housing and tamper-resistant design. Complies with international safety standards for machinery protection.,Safety interlock switch for industrial machinery,0.65,1,Industrial Parts/Safety Equipment,78.5,74.99,"Catalog, Search",Taxable Goods,Allen-Bradley,Yellow,Industrial Safety Switch | Safety Equipment,"safety switch, interlock, machinery protection",Heavy-duty safety interlock switch with tamper-resistant design for industrial machinery protection,https://raw.githubusercontent.com/slamech/commerce-sample-data/refs/heads/main/images/ISS-4004.jpg ,https://raw.githubusercontent.com/slamech/commerce-sample-data/refs/heads/main/images/ISS-4004.jpg ,https://raw.githubusercontent.com/slamech/commerce-sample-data/refs/heads/main/images/ISS-4004.jpg ,,https://raw.githubusercontent.com/slamech/commerce-sample-data/refs/heads/main/images/ISS-4004.jpg ,85,0,1,0,0,1,1,1,10000,1,1,1,1,1,1,1,1,1,0,0,0,,,,"switch_type=interlock,safety_rating=PLe,contacts=2NO+1NC,housing_material=reinforced_polymer,connection_type=M12",industrial-safety-switch
BPG-5005,simple,Default,base,Bearing Precision Gearbox,High-precision industrial gearbox with helical gearing for smooth power transmission. Features case-hardened steel construction and premium bearings for reduced backlash and noise. Ideal for automation and robotics applications.,High-precision gearbox for industrial automation,12.4,1,Industrial Parts/Power Transmission,459.99,429.99,"Catalog, Search",Taxable Goods,SEW-EURODRIVE,Gray,Bearing Precision Gearbox | Power Transmission,"gearbox, precision, industrial automation",High-precision industrial gearbox with helical gearing for smooth and accurate power transmission,https://raw.githubusercontent.com/slamech/commerce-sample-data/refs/heads/main/images/BPG-5005.jpg ,https://raw.githubusercontent.com/slamech/commerce-sample-data/refs/heads/main/images/BPG-5005.jpg ,https://raw.githubusercontent.com/slamech/commerce-sample-data/refs/heads/main/images/BPG-5005.jpg ,,https://raw.githubusercontent.com/slamech/commerce-sample-data/refs/heads/main/images/BPG-5005.jpg ,35,0,1,0,0,1,1,1,10000,1,1,1,1,1,1,1,1,1,0,0,0,,,,"ratio=10:1,backlash=<5arcmin,input_type=servo,output_type=keyed_shaft,lubrication=lifetime",bearing-precision-gearbox
HPC-6006,simple,Default,base,Hydraulic Pressure Control,Advanced hydraulic pressure control valve with proportional operation. Features digital control interface and precision-machined components for accurate pressure regulation. Suitable for integration with automated systems.,Advanced hydraulic proportional pressure control,3.2,1,Industrial Parts/Hydraulic Components,235.75,219.99,"Catalog, Search",Taxable Goods,Bosch Rexroth,Blue,Hydraulic Pressure Control | Hydraulic Components,"hydraulic, pressure control, proportional valve",Advanced hydraulic pressure control valve with digital interface for precise pressure regulation,https://raw.githubusercontent.com/slamech/commerce-sample-data/refs/heads/main/images/HPC-6006.jpg ,https://raw.githubusercontent.com/slamech/commerce-sample-data/refs/heads/main/images/HPC-6006.jpg ,https://raw.githubusercontent.com/slamech/commerce-sample-data/refs/heads/main/images/HPC-6006.jpg ,,https://raw.githubusercontent.com/slamech/commerce-sample-data/refs/heads/main/images/HPC-6006.jpg ,40,0,1,0,0,1,1,1,10000,1,1,1,1,1,1,1,1,1,0,0,0,,,,"max_pressure=350bar,flow_capacity=60LPM,control_type=proportional,input_signal=0-10V,port_size=SAE8",hydraulic-pressure-control
ITC-7007,simple,Default,base,Industrial Temperature Controller,Programmable temperature controller with multi-zone capability. Features PID control algorithm and auto-tuning for precise temperature regulation. Includes multiple sensor inputs and alarm functionality.,Programmable multi-zone temperature controller,0.75,1,Industrial Parts/Control Systems,182.5,169.95,"Catalog, Search",Taxable Goods,Omron,Black,Industrial Temperature Controller | Control Systems,"temperature controller, PID, industrial",Programmable temperature controller with multi-zone capability and precise PID control,https://raw.githubusercontent.com/slamech/commerce-sample-data/refs/heads/main/images/ITC-7007.jpg ,https://raw.githubusercontent.com/slamech/commerce-sample-data/refs/heads/main/images/ITC-7007.jpg ,https://raw.githubusercontent.com/slamech/commerce-sample-data/refs/heads/main/images/ITC-7007.jpg ,,https://raw.githubusercontent.com/slamech/commerce-sample-data/refs/heads/main/images/ITC-7007.jpg ,60,0,1,0,0,1,1,1,10000,1,1,1,1,1,1,1,1,1,0,0,0,,,,"input_type=thermocouple|RTD,control_algorithm=PID,display=dual_LED,communication=RS485,mounting=DIN_rail",industrial-temperature-controller
PLF-8008,simple,Default,base,Precision Linear Bearing,"High-precision linear bearing system for industrial motion applications. Features hardened steel raceways and precision ball elements for smooth, low-friction movement. Includes mounting holes for easy installation.",Precision linear bearing for industrial motion systems,2.1,1,Industrial Parts/Mechanical Components,94.99,89.99,"Catalog, Search",Taxable Goods,THK,Silver,Precision Linear Bearing | Mechanical Components,"linear bearing, motion control, precision",High-precision linear bearing with hardened steel raceways for smooth industrial motion control,https://raw.githubusercontent.com/slamech/commerce-sample-data/refs/heads/main/images/PLF-8008.jpg ,https://raw.githubusercontent.com/slamech/commerce-sample-data/refs/heads/main/images/PLF-8008.jpg ,https://raw.githubusercontent.com/slamech/commerce-sample-data/refs/heads/main/images/PLF-8008.jpg ,,https://raw.githubusercontent.com/slamech/commerce-sample-data/refs/heads/main/images/PLF-8008.jpg ,75,0,1,0,0,1,1,1,10000,1,1,1,1,1,1,1,1,1,0,0,0,,,,"shaft_diameter=20mm,length=60mm,dynamic_load=1800N,static_load=2500N,material=chrome_steel",precision-linear-bearing
IPS-9009,simple,Default,base,Industrial Power Supply,Heavy-duty industrial power supply with wide input voltage range. Features short-circuit and overload protection for reliable operation in harsh environments. DIN rail mountable for easy installation in control cabinets.,Heavy-duty industrial DIN rail power supply,1.45,1,Industrial Parts/Electrical Components,129.99,119.95,"Catalog, Search",Taxable Goods,Phoenix Contact,Gray,Industrial Power Supply | Electrical Components,"power supply, industrial, DIN rail",Heavy-duty industrial power supply with protection features for reliable operation in harsh environments,https://raw.githubusercontent.com/slamech/commerce-sample-data/refs/heads/main/images/IPS-9009.jpg ,https://raw.githubusercontent.com/slamech/commerce-sample-data/refs/heads/main/images/IPS-9009.jpg ,https://raw.githubusercontent.com/slamech/commerce-sample-data/refs/heads/main/images/IPS-9009.jpg ,,https://raw.githubusercontent.com/slamech/commerce-sample-data/refs/heads/main/images/IPS-9009.jpg ,90,0,1,0,0,1,1,1,10000,1,1,1,1,1,1,1,1,1,0,0,0,,,,"input_voltage=85-264VAC,output_voltage=24VDC,output_current=10A,efficiency=94percent,protection=OVP|OCP|SCP",industrial-power-supply
PFS-1010,simple,Default,base,Pneumatic Filter System,"Industrial-grade compressed air filter system with multi-stage filtration. Features automatic drain and pressure gauge. Removes water, oil, and particulate contaminants for clean air delivery to pneumatic systems.",Multi-stage pneumatic air filter system,2.8,1,Industrial Parts/Pneumatic Components,135.5,125.99,"Catalog, Search",Taxable Goods,Festo,Blue,Pneumatic Filter System | Pneumatic Components,"air filter, pneumatic, compressed air",Industrial-grade multi-stage compressed air filter system for clean air delivery to pneumatic systems,https://raw.githubusercontent.com/slamech/commerce-sample-data/refs/heads/main/images/PFS-1010.jpg ,https://raw.githubusercontent.com/slamech/commerce-sample-data/refs/heads/main/images/PFS-1010.jpg ,https://raw.githubusercontent.com/slamech/commerce-sample-data/refs/heads/main/images/PFS-1010.jpg ,,https://raw.githubusercontent.com/slamech/commerce-sample-data/refs/heads/main/images/PFS-1010.jpg ,55,0,1,0,0,1,1,1,10000,1,1,1,1,1,1,1,1,1,0,0,0,,,,"port_size=3/8inch,filtration=5micron,max_pressure=175PSI,bowl_material=metal,drain_type=auto",pneumatic-filter-system
SSR-1111,simple,Default,base,Solid State Relay,"Industrial solid state relay for high-frequency switching applications. Features zero-crossing switching and integrated heatsink for improved thermal management. Ideal for controlling heaters, motors and industrial equipment.",Industrial solid state relay with integrated heatsink,0.95,1,Industrial Parts/Electrical Components,42.99,39.95,"Catalog, Search",Taxable Goods,Crydom,Black,Solid State Relay | Electrical Components,"solid state relay, SSR, industrial control",Industrial solid state relay with zero-crossing switching for high-frequency control applications,https://raw.githubusercontent.com/slamech/commerce-sample-data/refs/heads/main/images/SSR-1111.jpg ,https://raw.githubusercontent.com/slamech/commerce-sample-data/refs/heads/main/images/SSR-1111.jpg ,https://raw.githubusercontent.com/slamech/commerce-sample-data/refs/heads/main/images/SSR-1111.jpg ,,https://raw.githubusercontent.com/slamech/commerce-sample-data/refs/heads/main/images/SSR-1111.jpg ,120,0,1,0,0,1,1,1,10000,1,1,1,1,1,1,1,1,1,0,0,0,,,,"load_voltage=240VAC,control_voltage=3-32VDC,current_rating=40A,switching=zero_crossing,mounting=panel",solid-state-relay
IPT-1212,simple,Default,base,Industrial Pressure Transmitter,"High-accuracy pressure transmitter for industrial process control. Features stainless steel construction and 4-20mA output signal. Suitable for monitoring pressure in various media including gases, steam, and liquids.",High-accuracy industrial pressure transmitter,0.55,1,Industrial Parts/Sensors,175.25,165.99,"Catalog, Search",Taxable Goods,Endress+Hauser,Silver,Industrial Pressure Transmitter | Sensors,"pressure transmitter, process control, industrial",High-accuracy pressure transmitter with 4-20mA output for industrial process control applications,https://raw.githubusercontent.com/slamech/commerce-sample-data/refs/heads/main/images/IPT-1212.jpg ,https://raw.githubusercontent.com/slamech/commerce-sample-data/refs/heads/main/images/IPT-1212.jpg ,https://raw.githubusercontent.com/slamech/commerce-sample-data/refs/heads/main/images/IPT-1212.jpg ,,https://raw.githubusercontent.com/slamech/commerce-sample-data/refs/heads/main/images/IPT-1212.jpg ,45,0,1,0,0,1,1,1,10000,1,1,1,1,1,1,1,1,1,0,0,0,,,,"pressure_range=0-10bar,accuracy=0.1percent,output=4-20mA,process_connection=1/2NPT,housing_material=316SS",industrial-pressure-transmitter
SFD-1313,simple,Default,base,Smart Flow Detector,Digital flow meter with integrated data logging capabilities. Features backlit display and multiple output options for integration with control systems. Configurable for various flow ranges and media types.,Digital flow meter with data logging capabilities,1.2,1,Industrial Parts/Sensors,245.99,229.95,"Catalog, Search",Taxable Goods,Keyence,Blue,Smart Flow Detector | Sensors,"flow meter, digital, data logging",Digital flow meter with integrated data logging and control system integration capabilities,https://raw.githubusercontent.com/slamech/commerce-sample-data/refs/heads/main/images/SFD-1313.jpg ,https://raw.githubusercontent.com/slamech/commerce-sample-data/refs/heads/main/images/SFD-1313.jpg ,https://raw.githubusercontent.com/slamech/commerce-sample-data/refs/heads/main/images/SFD-1313.jpg ,,https://raw.githubusercontent.com/slamech/commerce-sample-data/refs/heads/main/images/SFD-1313.jpg ,40,0,1,0,0,1,1,1,10000,1,1,1,1,1,1,1,1,1,0,0,0,,,,"flow_range=5-100LPM,accuracy=1percent,output=4-20mA|pulse|RS485,power=24VDC,display=LCD",smart-flow-detector
PHR-1414,simple,Default,base,Precision Hydraulic Regulator,Advanced hydraulic pressure regulator with precision control capabilities. Features fine adjustment knob and built-in pressure gauge. Constructed from high-grade materials for long service life in demanding applications.,Precision hydraulic pressure regulator,2.35,1,Industrial Parts/Hydraulic Components,185.5,174.99,"Catalog, Search",Taxable Goods,Parker,Red,Precision Hydraulic Regulator | Hydraulic Components,"hydraulic regulator, pressure control, precision",Advanced hydraulic pressure regulator with precision control for demanding industrial applications,https://raw.githubusercontent.com/slamech/commerce-sample-data/refs/heads/main/images/PHR-1414.jpg ,https://raw.githubusercontent.com/slamech/commerce-sample-data/refs/heads/main/images/PHR-1414.jpg ,https://raw.githubusercontent.com/slamech/commerce-sample-data/refs/heads/main/images/PHR-1414.jpg ,,https://raw.githubusercontent.com/slamech/commerce-sample-data/refs/heads/main/images/PHR-1414.jpg ,35,0,1,0,0,1,1,1,10000,1,1,1,1,1,1,1,1,1,0,0,0,,,,"pressure_range=0-350bar,adjustment=manual|fine,port_size=SAE10,body_material=zinc|steel,gauge_included=yes",precision-hydraulic-regulator
ICB-1515,simple,Default,base,Industrial Circuit Breaker,Heavy-duty circuit breaker for industrial power distribution systems. Features adjustable trip settings and high interrupting capacity. Complies with international standards for electrical safety.,Heavy-duty industrial circuit breaker,1.85,1,Industrial Parts/Electrical Components,98.75,92.99,"Catalog, Search",Taxable Goods,Schneider Electric,Black,Industrial Circuit Breaker | Electrical Components,"circuit breaker, industrial, power distribution",Heavy-duty circuit breaker with adjustable trip settings for industrial power distribution systems,https://raw.githubusercontent.com/slamech/commerce-sample-data/refs/heads/main/images/ICB-1515.jpg ,https://raw.githubusercontent.com/slamech/commerce-sample-data/refs/heads/main/images/ICB-1515.jpg ,https://raw.githubusercontent.com/slamech/commerce-sample-data/refs/heads/main/images/ICB-1515.jpg ,,https://raw.githubusercontent.com/slamech/commerce-sample-data/refs/heads/main/images/ICB-1515.jpg ,70,0,1,0,0,1,1,1,10000,1,1,1,1,1,1,1,1,1,0,0,0,,,,"current_rating=50A,poles=3,interrupting_capacity=35kA,mounting=DIN_rail,trip_type=thermal-magnetic",industrial-circuit-breaker
PMB-1616,simple,Default,base,Precision Mounted Bearing,Heavy-duty mounted ball bearing for industrial power transmission applications. Features cast iron housing and premium steel bearings. Pre-lubricated and sealed for maintenance-free operation.,Heavy-duty mounted ball bearing,3.6,1,Industrial Parts/Mechanical Components,69.95,65.99,"Catalog, Search",Taxable Goods,SKF,Gray,Precision Mounted Bearing | Mechanical Components,"mounted bearing, pillow block, industrial",Heavy-duty mounted ball bearing with cast iron housing for industrial power transmission applications,https://raw.githubusercontent.com/slamech/commerce-sample-data/refs/heads/main/images/PMB-1616.jpg ,https://raw.githubusercontent.com/slamech/commerce-sample-data/refs/heads/main/images/PMB-1616.jpg ,https://raw.githubusercontent.com/slamech/commerce-sample-data/refs/heads/main/images/PMB-1616.jpg ,,https://raw.githubusercontent.com/slamech/commerce-sample-data/refs/heads/main/images/PMB-1616.jpg ,85,0,1,0,0,1,1,1,10000,1,1,1,1,1,1,1,1,1,0,0,0,,,,"bearing_type=ball,shaft_diameter=1inch,housing_type=pillow_block,sealing=double_lip,lubrication=grease",precision-mounted-bearing
IAV-1717,simple,Default,base,Industrial Actuated Valve,"Electrically actuated ball valve for automated flow control systems. Features modulating control capability and position feedback. Stainless steel valve body suitable for various media including water, chemicals, and steam.",Electrically actuated ball valve for automated systems,4.2,1,Industrial Parts/Valves,395.5,379.99,"Catalog, Search",Taxable Goods,Belimo,Silver,Industrial Actuated Valve | Valves,"actuated valve, ball valve, automated control",Electrically actuated ball valve with modulating control for automated industrial flow systems,https://raw.githubusercontent.com/slamech/commerce-sample-data/refs/heads/main/images/IAV-1717.jpg ,https://raw.githubusercontent.com/slamech/commerce-sample-data/refs/heads/main/images/IAV-1717.jpg ,https://raw.githubusercontent.com/slamech/commerce-sample-data/refs/heads/main/images/IAV-1717.jpg ,,https://raw.githubusercontent.com/slamech/commerce-sample-data/refs/heads/main/images/IAV-1717.jpg ,30,0,1,0,0,1,1,1,10000,1,1,1,1,1,1,1,1,1,0,0,0,,,,"valve_size=1inch,pressure_rating=16bar,actuator_type=electric,control_signal=0-10V|4-20mA,valve_material=316SS",industrial-actuated-valve
ILC-1818,simple,Default,base,Industrial Logic Controller,Compact programmable logic controller for industrial automation systems. Features multiple I/O points and various communication protocols. Includes programming software and mounting hardware.,Compact PLC for industrial automation,0.85,1,Industrial Parts/Control Systems,275.99,259.95,"Catalog, Search",Taxable Goods,Siemens,Gray,Industrial Logic Controller | Control Systems,"PLC, automation, logic controller",Compact programmable logic controller with multiple I/O points for industrial automation systems,https://raw.githubusercontent.com/slamech/commerce-sample-data/refs/heads/main/images/ILC-1818.jpg ,https://raw.githubusercontent.com/slamech/commerce-sample-data/refs/heads/main/images/ILC-1818.jpg ,https://raw.githubusercontent.com/slamech/commerce-sample-data/refs/heads/main/images/ILC-1818.jpg ,,https://raw.githubusercontent.com/slamech/commerce-sample-data/refs/heads/main/images/ILC-1818.jpg ,25,0,1,0,0,1,1,1,10000,1,1,1,1,1,1,1,1,1,0,0,0,,,,"digital_inputs=14,digital_outputs=10,analog_IO=4,communication=ethernet|RS485|modbus,programming=ladder|FBD",industrial-logic-controller
SEF-1919,simple,Default,base,Smart Encoder Feedback,High-resolution rotary encoder with advanced feedback capabilities. Features multiple output formats and programmable parameters. Ideal for motion control systems requiring precise position feedback.,High-resolution rotary encoder for motion control,0.45,1,Industrial Parts/Sensors,195.75,185.99,"Catalog, Search",Taxable Goods,SICK,Black,Smart Encoder Feedback | Sensors,"encoder, rotary, position feedback",High-resolution rotary encoder with multiple output formats for precise motion control feedback,https://raw.githubusercontent.com/slamech/commerce-sample-data/refs/heads/main/images/SEF-1919.jpg ,https://raw.githubusercontent.com/slamech/commerce-sample-data/refs/heads/main/images/SEF-1919.jpg ,https://raw.githubusercontent.com/slamech/commerce-sample-data/refs/heads/main/images/SEF-1919.jpg ,,https://raw.githubusercontent.com/slamech/commerce-sample-data/refs/heads/main/images/SEF-1919.jpg ,40,0,1,0,0,1,1,1,10000,1,1,1,1,1,1,1,1,1,0,0,0,,,,"resolution=4096PPR,output=incremental|SSI,shaft_diameter=10mm,protection=IP65,operating_voltage=10-30VDC",smart-encoder-feedback
HCC-2020,simple,Default,base,Heavy-Duty Conveyor Chain,Industrial-grade roller chain for conveyor systems. Features hardened steel construction for wear resistance and high tensile strength. Includes connecting links for easy installation and maintenance.,Industrial-grade roller chain for conveyors,7.5,1,Industrial Parts/Mechanical Components,145.25,135.99,"Catalog, Search",Taxable Goods,Tsubaki,Silver,Heavy-Duty Conveyor Chain | Mechanical Components,"conveyor chain, roller chain, industrial",Industrial-grade hardened steel roller chain with high tensile strength for conveyor systems,https://raw.githubusercontent.com/slamech/commerce-sample-data/refs/heads/main/images/HCC-2020.jpg ,https://raw.githubusercontent.com/slamech/commerce-sample-data/refs/heads/main/images/HCC-2020.jpg ,https://raw.githubusercontent.com/slamech/commerce-sample-data/refs/heads/main/images/HCC-2020.jpg ,,https://raw.githubusercontent.com/slamech/commerce-sample-data/refs/heads/main/images/HCC-2020.jpg ,60,0,1,0,0,1,1,1,10000,1,1,1,1,1,1,1,1,1,0,0,0,,,,"pitch=1.5inch,width=1inch,tensile_strength=18000lbs,material=alloy_steel,links=10feet",heavy-duty-conveyor-chain
VSD-2121,simple,Default,base,Variable Speed Drive,Advanced variable frequency drive for industrial motor control. Features vector control algorithm and multiple programming modes. Includes comprehensive protection functions and diagnostic display.,Advanced VFD for industrial motor control,5.8,1,Industrial Parts/Electrical Components,575.99,549.95,"Catalog, Search",Taxable Goods,ABB,Blue,Variable Speed Drive | Electrical Components,"VFD, variable frequency drive, motor control",Advanced variable frequency drive with vector control for precise industrial motor speed regulation,https://raw.githubusercontent.com/slamech/commerce-sample-data/refs/heads/main/images/VSD-2121.jpg ,https://raw.githubusercontent.com/slamech/commerce-sample-data/refs/heads/main/images/VSD-2121.jpg ,https://raw.githubusercontent.com/slamech/commerce-sample-data/refs/heads/main/images/VSD-2121.jpg ,,https://raw.githubusercontent.com/slamech/commerce-sample-data/refs/heads/main/images/VSD-2121.jpg ,20,0,1,0,0,1,1,1,10000,1,1,1,1,1,1,1,1,1,0,0,0,,,,"power_rating=5HP,input_voltage=380-480VAC,control_mode=V/F|vector,protection=overload|overvoltage|thermal,communications=modbus",variable-speed-drive
ISP-2222,simple,Default,base,Industrial Servo Positioning,High-performance servo positioning system for precision motion control. Features closed-loop control and encoder feedback. Includes servo drive controller and cables for complete system setup.,High-performance servo positioning system,4.5,1,Industrial Parts/Motion Control,845.5,799.99,"Catalog, Search",Taxable Goods,Yaskawa,Silver,Industrial Servo Positioning | Motion Control,"servo, positioning, motion control",High-performance servo positioning system with closed-loop control for precision industrial motion,https://raw.githubusercontent.com/slamech/commerce-sample-data/refs/heads/main/images/ISP-2222.jpg ,https://raw.githubusercontent.com/slamech/commerce-sample-data/refs/heads/main/images/ISP-2222.jpg ,https://raw.githubusercontent.com/slamech/commerce-sample-data/refs/heads/main/images/ISP-2222.jpg ,,https://raw.githubusercontent.com/slamech/commerce-sample-data/refs/heads/main/images/ISP-2222.jpg ,15,0,1,0,0,1,1,1,10000,1,1,1,1,1,1,1,1,1,0,0,0,,,,"power=750W,voltage=220VAC,feedback=20-bit_encoder,interface=EtherCAT|pulse,torque=2.4Nm",industrial-servo-positioning
PRC-2323,simple,Default,base,Precision Roller Conveyor,Modular roller conveyor section for industrial material handling. Features precision bearings and adjustable height supports. Includes end stops and joining hardware for system expansion.,Modular industrial roller conveyor section,18.5,1,Industrial Parts/Material Handling,295.75,279.99,"Catalog, Search",Taxable Goods,Interroll,Gray,Precision Roller Conveyor | Material Handling,"roller conveyor, material handling, modular",Modular roller conveyor section with precision bearings for industrial material handling systems,https://raw.githubusercontent.com/slamech/commerce-sample-data/refs/heads/main/images/PRC-2323.jpg ,https://raw.githubusercontent.com/slamech/commerce-sample-data/refs/heads/main/images/PRC-2323.jpg ,https://raw.githubusercontent.com/slamech/commerce-sample-data/refs/heads/main/images/PRC-2323.jpg ,,https://raw.githubusercontent.com/slamech/commerce-sample-data/refs/heads/main/images/PRC-2323.jpg ,10,0,1,0,0,1,1,1,10000,1,1,1,1,1,1,1,1,1,0,0,0,,,,"width=24inch,length=10feet,roller_diameter=1.9inch,capacity=100lbs_per_foot,height_adjustment=30-36inch",precision-roller-conveyor
INS-2424,simple,Default,base,Industrial Network Switch,Rugged industrial Ethernet switch for factory automation networks. Features managed switching and redundant power inputs. DIN rail mountable with wide operating temperature range for harsh environments.,Rugged managed Ethernet switch for industrial networks,1.2,1,Industrial Parts/Networking,325.5,309.99,"Catalog, Search",Taxable Goods,Hirschmann,Black,Industrial Network Switch | Networking,"Ethernet switch, industrial, managed",Rugged industrial managed Ethernet switch for reliable factory automation networking,https://raw.githubusercontent.com/slamech/commerce-sample-data/refs/heads/main/images/INS-2424.jpg ,https://raw.githubusercontent.com/slamech/commerce-sample-data/refs/heads/main/images/INS-2424.jpg ,https://raw.githubusercontent.com/slamech/commerce-sample-data/refs/heads/main/images/INS-2424.jpg ,,https://raw.githubusercontent.com/slamech/commerce-sample-data/refs/heads/main/images/INS-2424.jpg ,30,0,1,0,0,1,1,1,10000,1,1,1,1,1,1,1,1,1,0,0,0,,,,"ports=8|RJ45,management=web|SNMP,redundancy=ring,power=24VDC|redundant,temperature=-40to+70C",industrial-network-switch
IGP-2525,simple,Default,base,Industrial Gear Pump,"High-performance gear pump for industrial fluid transfer applications. Features cast iron construction and precision-machined gears. Suitable for oils, coolants, and various industrial fluids.",High-performance industrial gear pump,8.2,1,Industrial Parts/Hydraulic Components,275.99,259.95,"Catalog, Search",Taxable Goods,Eaton,Blue,Industrial Gear Pump | Hydraulic Components,"gear pump, hydraulic, fluid transfer",High-performance gear pump with precision-machined components for industrial fluid transfer applications,https://raw.githubusercontent.com/slamech/commerce-sample-data/refs/heads/main/images/IGP-2525.jpg ,https://raw.githubusercontent.com/slamech/commerce-sample-data/refs/heads/main/images/IGP-2525.jpg ,https://raw.githubusercontent.com/slamech/commerce-sample-data/refs/heads/main/images/IGP-2525.jpg ,,https://raw.githubusercontent.com/slamech/commerce-sample-data/refs/heads/main/images/IGP-2525.jpg ,25,0,1,0,0,1,1,1,10000,1,1,1,1,1,1,1,1,1,0,0,0,,,,"displacement=15cc_per_rev,max_pressure=250bar,port_size=SAE12,shaft_type=keyed,seal_material=viton",industrial-gear-pump
PLG-2626,simple,Default,base,Planetary Gearbox,Compact planetary gearbox for high-torque applications. Features precision-ground gears and robust bearing system. Compatible with various motor mounting patterns for versatile integration.,Compact high-torque planetary gearbox,6.5,1,Industrial Parts/Power Transmission,425.75,399.99,"Catalog, Search",Taxable Goods,Neugart,Silver,Planetary Gearbox | Power Transmission,"planetary gearbox, high torque, precision",Compact planetary gearbox with precision-ground gears for high-torque industrial applications,https://raw.githubusercontent.com/slamech/commerce-sample-data/refs/heads/main/images/PLG-2626.jpg ,https://raw.githubusercontent.com/slamech/commerce-sample-data/refs/heads/main/images/PLG-2626.jpg ,https://raw.githubusercontent.com/slamech/commerce-sample-data/refs/heads/main/images/PLG-2626.jpg ,,https://raw.githubusercontent.com/slamech/commerce-sample-data/refs/heads/main/images/PLG-2626.jpg ,20,0,1,0,0,1,1,1,10000,1,1,1,1,1,1,1,1,1,0,0,0,,,,"ratio=10:1,backlash=<8arcmin,torque_rating=120Nm,input_flange=NEMA23,efficiency=97percent",planetary-gearbox
ILS-2727,simple,Default,base,Industrial Limit Switch,Heavy-duty mechanical limit switch for position detection in industrial machinery. Features sealed construction for protection against dust and moisture. Includes various actuator options and mounting hardware.,Heavy-duty mechanical limit switch,0.35,1,Industrial Parts/Sensors,45.99,42.99,"Catalog, Search",Taxable Goods,Telemecanique,Red,Industrial Limit Switch | Sensors,"limit switch, position detection, mechanical",Heavy-duty mechanical limit switch with sealed construction for industrial position detection,https://raw.githubusercontent.com/slamech/commerce-sample-data/refs/heads/main/images/ILS-2727.jpg ,https://raw.githubusercontent.com/slamech/commerce-sample-data/refs/heads/main/images/ILS-2727.jpg ,https://raw.githubusercontent.com/slamech/commerce-sample-data/refs/heads/main/images/ILS-2727.jpg ,,https://raw.githubusercontent.com/slamech/commerce-sample-data/refs/heads/main/images/ILS-2727.jpg ,85,0,1,0,0,1,1,1,10000,1,1,1,1,1,1,1,1,1,0,0,0,,,,"contacts=1NO+1NC,actuator=roller_lever,protection=IP67,housing=metal,operating_force=15N",industrial-limit-switch
RPC-2828,simple,Default,base,Robotic Pneumatic Clamp,Precision pneumatic gripper for robotic automation systems. Features parallel jaw movement and position sensors. Includes mounting bracket and air fittings for quick integration.,Precision pneumatic gripper for robotics,1.3,1,Industrial Parts/Robotic Components,325.25,309.99,"Catalog, Search",Taxable Goods,SMC,Gray,Robotic Pneumatic Clamp | Robotic Components,"pneumatic gripper, robotic, automation",Precision pneumatic gripper with position sensors for robotic automation systems,https://raw.githubusercontent.com/slamech/commerce-sample-data/refs/heads/main/images/RPC-2828.jpg ,https://raw.githubusercontent.com/slamech/commerce-sample-data/refs/heads/main/images/RPC-2828.jpg ,https://raw.githubusercontent.com/slamech/commerce-sample-data/refs/heads/main/images/RPC-2828.jpg ,,https://raw.githubusercontent.com/slamech/commerce-sample-data/refs/heads/main/images/RPC-2828.jpg ,25,0,1,0,0,1,1,1,10000,1,1,1,1,1,1,1,1,1,0,0,0,,,,"grip_force=200N,stroke=16mm,air_pressure=0.5MPa,sensor_type=reed,weight_capacity=2kg",robotic-pneumatic-clamp
IMF-2929,simple,Default,base,Industrial Metal Filter,Stainless steel filter element for industrial fluid systems. Features pleated media design for extended surface area. Suitable for high-temperature and corrosive environments with various micron ratings available.,Stainless steel filter for industrial fluid systems,1.8,1,Industrial Parts/Filtration,89.5,84.99,"Catalog, Search",Taxable Goods,Pall,Silver,Industrial Metal Filter | Filtration,"metal filter, stainless steel, industrial",Stainless steel pleated filter element for high-temperature industrial fluid filtration applications,https://raw.githubusercontent.com/slamech/commerce-sample-data/refs/heads/main/images/IMF-2929.jpg ,https://raw.githubusercontent.com/slamech/commerce-sample-data/refs/heads/main/images/IMF-2929.jpg ,https://raw.githubusercontent.com/slamech/commerce-sample-data/refs/heads/main/images/IMF-2929.jpg ,,https://raw.githubusercontent.com/slamech/commerce-sample-data/refs/heads/main/images/IMF-2929.jpg ,50,0,1,0,0,1,1,1,10000,1,1,1,1,1,1,1,1,1,0,0,0,,,,"filtration=10micron,length=10inch,diameter=2.5inch,material=316L_SS,max_temperature=400C",industrial-metal-filter
ACM-3030,simple,Default,base,AC Motor Inverter,Advanced AC motor drive with sensorless vector control. Features built-in PLC functionality and multiple communication protocols. Includes braking chopper and comprehensive protection functions.,Advanced AC motor drive with vector control,3.9,1,Industrial Parts/Electrical Components,495.75,469.95,"Catalog, Search",Taxable Goods,Danfoss,Blue,AC Motor Inverter | Electrical Components,"inverter, AC drive, motor control",Advanced AC motor drive with sensorless vector control and built-in PLC functionality,https://raw.githubusercontent.com/slamech/commerce-sample-data/refs/heads/main/images/ACM-3030.jpg ,https://raw.githubusercontent.com/slamech/commerce-sample-data/refs/heads/main/images/ACM-3030.jpg ,https://raw.githubusercontent.com/slamech/commerce-sample-data/refs/heads/main/images/ACM-3030.jpg ,,https://raw.githubusercontent.com/slamech/commerce-sample-data/refs/heads/main/images/ACM-3030.jpg ,15,0,1,0,0,1,1,1,10000,1,1,1,1,1,1,1,1,1,0,0,0,,,,"power=3HP,voltage=200-240VAC,control=sensorless_vector,display=LCD,protection=IP20",ac-motor-inverter
PTB-3131,simple,Default,base,Precision Timing Belt,High-performance synchronous belt for precision power transmission. Features fiberglass reinforcement and neoprene construction. Includes timing marks for accurate installation and alignment.,High-performance synchronous timing belt,0.65,1,Industrial Parts/Power Transmission,42.75,39.99,"Catalog, Search",Taxable Goods,Gates,Black,Precision Timing Belt | Power Transmission,"timing belt, synchronous, power transmission",High-performance synchronous belt with fiberglass reinforcement for precision industrial power transmission,https://raw.githubusercontent.com/slamech/commerce-sample-data/refs/heads/main/images/PTB-3131.jpg ,https://raw.githubusercontent.com/slamech/commerce-sample-data/refs/heads/main/images/PTB-3131.jpg ,https://raw.githubusercontent.com/slamech/commerce-sample-data/refs/heads/main/images/PTB-3131.jpg ,,https://raw.githubusercontent.com/slamech/commerce-sample-data/refs/heads/main/images/PTB-3131.jpg ,70,0,1,0,0,1,1,1,10000,1,1,1,1,1,1,1,1,1,0,0,0,,,,"pitch=8mm,width=30mm,length=1120mm,teeth=140,reinforcement=fiberglass",precision-timing-belt
HCP-3232,simple,Default,base,Hydraulic Cylinder Piston,Heavy-duty hydraulic cylinder for industrial lifting and pushing applications. Features hard chrome plated rod and dual wiper seals. Includes mounting clevis and rod end bearing for easy installation.,Heavy-duty industrial hydraulic cylinder,12.5,1,Industrial Parts/Hydraulic Components,385.99,369.95,"Catalog, Search",Taxable Goods,Parker,Silver,Hydraulic Cylinder Piston | Hydraulic Components,"hydraulic cylinder, industrial, heavy duty",Heavy-duty hydraulic cylinder with chrome plated rod for industrial lifting and pushing applications,https://raw.githubusercontent.com/slamech/commerce-sample-data/refs/heads/main/images/HCP-3232.jpg ,https://raw.githubusercontent.com/slamech/commerce-sample-data/refs/heads/main/images/HCP-3232.jpg ,https://raw.githubusercontent.com/slamech/commerce-sample-data/refs/heads/main/images/HCP-3232.jpg ,,https://raw.githubusercontent.com/slamech/commerce-sample-data/refs/heads/main/images/HCP-3232.jpg ,20,0,1,0,0,1,1,1,10000,1,1,1,1,1,1,1,1,1,0,0,0,,,,"bore=4inch,stroke=24inch,pressure_rating=3000PSI,rod_diameter=2inch,mounting=clevis",hydraulic-cylinder-piston
IPH-3333,simple,Default,base,Industrial Process Heater,"Electric immersion heater for industrial process heating applications. Features stainless steel construction and digital temperature controller. Suitable for water, oils, and various process fluids.",Electric immersion heater for industrial processes,4.2,1,Industrial Parts/Heating Systems,245.75,229.99,"Catalog, Search",Taxable Goods,Watlow,Red,Industrial Process Heater | Heating Systems,"immersion heater, process heating, industrial",Electric immersion heater with stainless steel construction for industrial process heating applications,https://raw.githubusercontent.com/slamech/commerce-sample-data/refs/heads/main/images/IPH-3333.jpg ,https://raw.githubusercontent.com/slamech/commerce-sample-data/refs/heads/main/images/IPH-3333.jpg ,https://raw.githubusercontent.com/slamech/commerce-sample-data/refs/heads/main/images/IPH-3333.jpg ,,https://raw.githubusercontent.com/slamech/commerce-sample-data/refs/heads/main/images/IPH-3333.jpg ,25,0,1,0,0,1,1,1,10000,1,1,1,1,1,1,1,1,1,0,0,0,,,,"power=6kW,voltage=480V,length=24inch,material=316SS,control=digital_thermostat",industrial-process-heater
LCS-3434,simple,Default,base,Level Control System,Ultrasonic level sensor with integrated controller for industrial tank monitoring. Features non-contact measurement and multiple output options. Includes mounting hardware and programming software.,Ultrasonic level monitoring system,1.4,1,Industrial Parts/Sensors,395.5,379.99,"Catalog, Search",Taxable Goods,Endress+Hauser,Gray,Level Control System | Sensors,"level sensor, ultrasonic, tank monitoring",Ultrasonic level sensor with integrated controller for non-contact industrial tank level monitoring,https://raw.githubusercontent.com/slamech/commerce-sample-data/refs/heads/main/images/LCS-3434.jpg ,https://raw.githubusercontent.com/slamech/commerce-sample-data/refs/heads/main/images/LCS-3434.jpg ,https://raw.githubusercontent.com/slamech/commerce-sample-data/refs/heads/main/images/LCS-3434.jpg ,,https://raw.githubusercontent.com/slamech/commerce-sample-data/refs/heads/main/images/LCS-3434.jpg ,20,0,1,0,0,1,1,1,10000,1,1,1,1,1,1,1,1,1,0,0,0,,,,"range=0.3-8m,accuracy=0.25percent,output=4-20mA|relay,power=24VDC,protection=IP67",level-control-system
IGB-3535,simple,Default,base,Industrial Gear Box,Heavy-duty worm gear reducer for high-torque applications. Features cast iron housing and bronze worm wheel. Includes input and output shaft seals for protection against contaminants.,Heavy-duty worm gear reducer,18.5,1,Industrial Parts/Power Transmission,545.99,519.95,"Catalog, Search",Taxable Goods,Boston Gear,Gray,Industrial Gear Box | Power Transmission,"gear reducer, worm gear, industrial",Heavy-duty worm gear reducer with cast iron housing for high-torque industrial applications,https://raw.githubusercontent.com/slamech/commerce-sample-data/refs/heads/main/images/IGB-3535.jpg ,https://raw.githubusercontent.com/slamech/commerce-sample-data/refs/heads/main/images/IGB-3535.jpg ,https://raw.githubusercontent.com/slamech/commerce-sample-data/refs/heads/main/images/IGB-3535.jpg ,,https://raw.githubusercontent.com/slamech/commerce-sample-data/refs/heads/main/images/IGB-3535.jpg ,15,0,1,0,0,1,1,1,10000,1,1,1,1,1,1,1,1,1,0,0,0,,,,"ratio=60:1,input_shaft=1inch,output_shaft=1.25inch,mounting=foot,lubrication=oil_bath",industrial-gear-box
RFS-3636,simple,Default,base,RFID Sensor System,Industrial RFID reader/writer for automated production tracking. Features multiple antenna support and network connectivity. Includes programming software and demonstration tags.,Industrial RFID reader for production tracking,0.95,1,Industrial Parts/Automation,625.5,599.99,"Catalog, Search",Taxable Goods,Balluff,Black,RFID Sensor System | Automation,"RFID, production tracking, automation",Industrial RFID reader/writer with network connectivity for automated production tracking systems,https://raw.githubusercontent.com/slamech/commerce-sample-data/refs/heads/main/images/RFS-3636.jpg ,https://raw.githubusercontent.com/slamech/commerce-sample-data/refs/heads/main/images/RFS-3636.jpg ,https://raw.githubusercontent.com/slamech/commerce-sample-data/refs/heads/main/images/RFS-3636.jpg ,,https://raw.githubusercontent.com/slamech/commerce-sample-data/refs/heads/main/images/RFS-3636.jpg ,15,0,1,0,0,1,1,1,10000,1,1,1,1,1,1,1,1,1,0,0,0,,,,"frequency=13.56MHz,read_range=150mm,interface=ethernet|RS232,antennas=4,memory=8GB",rfid-sensor-system
HDO-3737,simple,Default,base,Hydraulic Directional Valve,4-way hydraulic directional control valve for industrial fluid power systems. Features solenoid operation and manual override. Includes mounting plate and connection fittings.,4-way solenoid hydraulic directional valve,4.8,1,Industrial Parts/Hydraulic Components,235.25,219.99,"Catalog, Search",Taxable Goods,Bosch Rexroth,Blue,Hydraulic Directional Valve | Hydraulic Components,"directional valve, hydraulic, solenoid",4-way hydraulic directional control valve with solenoid operation for industrial fluid power systems,https://raw.githubusercontent.com/slamech/commerce-sample-data/refs/heads/main/images/HDO-3737.jpg ,https://raw.githubusercontent.com/slamech/commerce-sample-data/refs/heads/main/images/HDO-3737.jpg ,https://raw.githubusercontent.com/slamech/commerce-sample-data/refs/heads/main/images/HDO-3737.jpg ,,https://raw.githubusercontent.com/slamech/commerce-sample-data/refs/heads/main/images/HDO-3737.jpg ,30,0,1,0,0,1,1,1,10000,1,1,1,1,1,1,1,1,1,0,0,0,,,,"configuration=4/3,operation=solenoid|spring_return,pressure=350bar,flow=80LPM,voltage=24VDC",hydraulic-directional-valve
ILS-3838,simple,Default,base,Industrial Linear Slide,Precision linear guide system for industrial motion applications. Features recirculating ball bearing design for smooth movement. Includes mounting holes and lubrication ports for easy maintenance.,Precision industrial linear guide system,5.6,1,Industrial Parts/Mechanical Components,185.95,174.99,"Catalog, Search",Taxable Goods,Hiwin,Silver,Industrial Linear Slide | Mechanical Components,"linear guide, slide, industrial motion",Precision linear guide system with recirculating ball bearings for smooth industrial motion applications,https://raw.githubusercontent.com/slamech/commerce-sample-data/refs/heads/main/images/ILS-3838.jpg ,https://raw.githubusercontent.com/slamech/commerce-sample-data/refs/heads/main/images/ILS-3838.jpg ,https://raw.githubusercontent.com/slamech/commerce-sample-data/refs/heads/main/images/ILS-3838.jpg ,,https://raw.githubusercontent.com/slamech/commerce-sample-data/refs/heads/main/images/ILS-3838.jpg ,25,0,1,0,0,1,1,1,10000,1,1,1,1,1,1,1,1,1,0,0,0,,,,"rail_length=500mm,rail_width=25mm,dynamic_load=15000N,accuracy=H_class,material=hardened_steel",industrial-linear-slide
AGV-3939,simple,Default,base,Automated Guided Vehicle,Compact automated guided vehicle for material transport in industrial facilities. Features laser navigation and obstacle detection. Includes charging station and fleet management software.,Compact AGV for industrial material transport,85.5,1,Industrial Parts/Material Handling,12500,11999.95,"Catalog, Search",Taxable Goods,Omron,Yellow,Automated Guided Vehicle | Material Handling,"AGV, material handling, automation",Compact automated guided vehicle with laser navigation for industrial material transport applications,https://raw.githubusercontent.com/slamech/commerce-sample-data/refs/heads/main/images/AGV-3939.jpg ,https://raw.githubusercontent.com/slamech/commerce-sample-data/refs/heads/main/images/AGV-3939.jpg ,https://raw.githubusercontent.com/slamech/commerce-sample-data/refs/heads/main/images/AGV-3939.jpg ,,https://raw.githubusercontent.com/slamech/commerce-sample-data/refs/heads/main/images/AGV-3939.jpg ,5,0,1,0,0,1,1,1,10000,1,1,1,1,1,1,1,1,1,0,0,0,,,,"payload=200kg,speed=1.5m_per_s,runtime=8hours,navigation=laser,safety=PLd",automated-guided-vehicle
PVF-4040,simple,Default,base,Proportional Valve Flow,High-precision proportional flow control valve for industrial hydraulic systems. Features electronic control interface and integrated pressure compensation. Includes connection fittings and adjustment tools.,High-precision proportional flow control valve,2.8,1,Industrial Parts/Hydraulic Components,495.5,475.99,"Catalog, Search",Taxable Goods,Parker,Silver,Proportional Valve Flow | Hydraulic Components,"proportional valve, flow control, hydraulic",High-precision proportional flow control valve with electronic interface for industrial hydraulic systems,https://raw.githubusercontent.com/slamech/commerce-sample-data/refs/heads/main/images/PVF-4040.jpg ,https://raw.githubusercontent.com/slamech/commerce-sample-data/refs/heads/main/images/PVF-4040.jpg ,https://raw.githubusercontent.com/slamech/commerce-sample-data/refs/heads/main/images/PVF-4040.jpg ,,https://raw.githubusercontent.com/slamech/commerce-sample-data/refs/heads/main/images/PVF-4040.jpg ,20,0,1,0,0,1,1,1,10000,1,1,1,1,1,1,1,1,1,0,0,0,,,,"flow_capacity=100LPM,pressure=350bar,control_signal=0-10V|4-20mA,response_time=<100ms,port_size=SAE10",proportional-valve-flow
PCM-4141,simple,Default,base,Programmable Control Module,Compact industrial controller for automated process systems. Features multiple I/O capabilities and programming flexibility. Includes mounting hardware and programming cable.,Compact industrial programmable controller,0.75,1,Industrial Parts/Control Systems,345.75,329.99,"Catalog, Search",Taxable Goods,Allen-Bradley,Gray,Programmable Control Module | Control Systems,"controller, programmable, industrial",Compact industrial controller with multiple I/O capabilities for automated process systems,https://raw.githubusercontent.com/slamech/commerce-sample-data/refs/heads/main/images/PCM-4141.jpg ,https://raw.githubusercontent.com/slamech/commerce-sample-data/refs/heads/main/images/PCM-4141.jpg ,https://raw.githubusercontent.com/slamech/commerce-sample-data/refs/heads/main/images/PCM-4141.jpg ,,https://raw.githubusercontent.com/slamech/commerce-sample-data/refs/heads/main/images/PCM-4141.jpg ,25,0,1,0,0,1,1,1,10000,1,1,1,1,1,1,1,1,1,0,0,0,,,,"digital_IO=24,analog_IO=8,communication=ethernet|modbus,memory=512KB,mounting=DIN_rail",programmable-control-module
ISE-4242,simple,Default,base,Industrial Shaft Encoder,High-resolution incremental encoder for industrial motion feedback. Features robust mechanical design and various output signal options. Includes mounting flange and connector.,High-resolution industrial incremental encoder,0.55,1,Industrial Parts/Sensors,175.5,165.99,"Catalog, Search",Taxable Goods,Heidenhain,Black,Industrial Shaft Encoder | Sensors,"encoder, incremental, motion feedback",High-resolution incremental encoder with robust design for industrial motion feedback applications,https://raw.githubusercontent.com/slamech/commerce-sample-data/refs/heads/main/images/ISE-4242.jpg ,https://raw.githubusercontent.com/slamech/commerce-sample-data/refs/heads/main/images/ISE-4242.jpg ,https://raw.githubusercontent.com/slamech/commerce-sample-data/refs/heads/main/images/ISE-4242.jpg ,,https://raw.githubusercontent.com/slamech/commerce-sample-data/refs/heads/main/images/ISE-4242.jpg ,40,0,1,0,0,1,1,1,10000,1,1,1,1,1,1,1,1,1,0,0,0,,,,"resolution=2500PPR,shaft_diameter=10mm,output=TTL|HTL,protection=IP65,max_speed=6000RPM",industrial-shaft-encoder
FCB-4343,simple,Default,base,Flow Control Block,Precision hydraulic flow control manifold for industrial systems. Features integrated check valves and adjustable flow controls. Manufactured from high-grade aluminum with anodized finish.,Precision hydraulic flow control manifold,3.2,1,Industrial Parts/Hydraulic Components,165.25,155.99,"Catalog, Search",Taxable Goods,Sun Hydraulics,Silver,Flow Control Block | Hydraulic Components,"flow control, hydraulic, manifold",Precision hydraulic flow control manifold with integrated check valves for industrial systems,https://raw.githubusercontent.com/slamech/commerce-sample-data/refs/heads/main/images/FCB-4343.jpg ,https://raw.githubusercontent.com/slamech/commerce-sample-data/refs/heads/main/images/FCB-4343.jpg ,https://raw.githubusercontent.com/slamech/commerce-sample-data/refs/heads/main/images/FCB-4343.jpg ,,https://raw.githubusercontent.com/slamech/commerce-sample-data/refs/heads/main/images/FCB-4343.jpg ,30,0,1,0,0,1,1,1,10000,1,1,1,1,1,1,1,1,1,0,0,0,,,,"ports=6|SAE8,pressure=350bar,adjustable_ports=3,material=aluminum,finish=hard_anodized",flow-control-block
IMV-4444,simple,Default,base,Industrial Motor Vibrator,Heavy-duty electric vibrator motor for industrial material handling applications. Features adjustable eccentric weights and sealed bearings. Includes mounting plate and vibration isolators.,Heavy-duty electric vibrator motor,5.8,1,Industrial Parts/Material Handling,275.5,259.99,"Catalog, Search",Taxable Goods,OLI,Black,Industrial Motor Vibrator | Material Handling,"vibrator motor, material handling, industrial",Heavy-duty electric vibrator motor with adjustable eccentric weights for industrial material handling,https://raw.githubusercontent.com/slamech/commerce-sample-data/refs/heads/main/images/IMV-4444.jpg ,https://raw.githubusercontent.com/slamech/commerce-sample-data/refs/heads/main/images/IMV-4444.jpg ,https://raw.githubusercontent.com/slamech/commerce-sample-data/refs/heads/main/images/IMV-4444.jpg ,,https://raw.githubusercontent.com/slamech/commerce-sample-data/refs/heads/main/images/IMV-4444.jpg ,25,0,1,0,0,1,1,1,10000,1,1,1,1,1,1,1,1,1,0,0,0,,,,"centrifugal_force=2240N,speed=1800RPM,voltage=230VAC,protection=IP66,certification=ATEX",industrial-motor-vibrator
HSV-4545,simple,Default,base,High-Speed Servo Valve,Fast-response servo valve for precision hydraulic control systems. Features advanced spool design and integrated electronics. Suitable for high-performance industrial motion control applications.,Fast-response hydraulic servo valve,1.2,1,Industrial Parts/Hydraulic Components,925.75,899.99,"Catalog, Search",Taxable Goods,Moog,Silver,High-Speed Servo Valve | Hydraulic Components,"servo valve, hydraulic, high-speed",Fast-response servo valve with advanced spool design for precision industrial hydraulic control systems,https://raw.githubusercontent.com/slamech/commerce-sample-data/refs/heads/main/images/HSV-4545.jpg ,https://raw.githubusercontent.com/slamech/commerce-sample-data/refs/heads/main/images/HSV-4545.jpg ,https://raw.githubusercontent.com/slamech/commerce-sample-data/refs/heads/main/images/HSV-4545.jpg ,,https://raw.githubusercontent.com/slamech/commerce-sample-data/refs/heads/main/images/HSV-4545.jpg ,10,0,1,0,0,1,1,1,10000,1,1,1,1,1,1,1,1,1,0,0,0,,,,"flow_capacity=60LPM,pressure=350bar,response_time=<5ms,control_signal=10V,feedback=LVDT",high-speed-servo-valve
ITS-4646,simple,Default,base,Industrial Temperature Sensor,High-accuracy RTD temperature sensor for industrial process monitoring. Features stainless steel probe and various mounting options. Includes connection head and terminal block.,High-accuracy RTD temperature sensor,0.45,1,Industrial Parts/Sensors,85.5,79.99,"Catalog, Search",Taxable Goods,Endress+Hauser,Silver,Industrial Temperature Sensor | Sensors,"temperature sensor, RTD, industrial",High-accuracy RTD temperature sensor with stainless steel probe for industrial process monitoring,https://raw.githubusercontent.com/slamech/commerce-sample-data/refs/heads/main/images/ITS-4646.jpg ,https://raw.githubusercontent.com/slamech/commerce-sample-data/refs/heads/main/images/ITS-4646.jpg ,https://raw.githubusercontent.com/slamech/commerce-sample-data/refs/heads/main/images/ITS-4646.jpg ,,https://raw.githubusercontent.com/slamech/commerce-sample-data/refs/heads/main/images/ITS-4646.jpg ,50,0,1,0,0,1,1,1,10000,1,1,1,1,1,1,1,1,1,0,0,0,,,,"sensor_type=PT100,accuracy=Class_A,probe_length=150mm,connection=3-wire,temperature_range=-50to+200C",industrial-temperature-sensor
WGT-4747,simple,Default,base,Worm Gear Transmission,Industrial worm gear transmission for right-angle power transfer applications. Features cast iron housing and bronze worm wheel. Pre-lubricated with synthetic oil for smooth operation.,Industrial worm gear transmission,14.5,1,Industrial Parts/Power Transmission,395.25,375.99,"Catalog, Search",Taxable Goods,Bonfiglioli,Gray,Worm Gear Transmission | Power Transmission,"worm gear, transmission, right-angle",Industrial worm gear transmission with cast iron housing for right-angle power transfer applications,https://raw.githubusercontent.com/slamech/commerce-sample-data/refs/heads/main/images/WGT-4747.jpg ,https://raw.githubusercontent.com/slamech/commerce-sample-data/refs/heads/main/images/WGT-4747.jpg ,https://raw.githubusercontent.com/slamech/commerce-sample-data/refs/heads/main/images/WGT-4747.jpg ,,https://raw.githubusercontent.com/slamech/commerce-sample-data/refs/heads/main/images/WGT-4747.jpg ,20,0,1,0,0,1,1,1,10000,1,1,1,1,1,1,1,1,1,0,0,0,,,,"ratio=30:1,power=2HP,input_shaft=19mm,output_shaft=25mm,mounting=flange|foot",worm-gear-transmission
APS-4848,simple,Default,base,Automated Positioning System,"Complete linear positioning system for industrial automation. Features precision ball screw drive and servo motor. Includes controller, limit switches, and mounting hardware.",Complete linear positioning system,18.5,1,Industrial Parts/Motion Control,1250,1199.95,"Catalog, Search",Taxable Goods,IAI,Silver,Automated Positioning System | Motion Control,"positioning system, linear, automation",Complete linear positioning system with ball screw drive and servo motor for industrial automation,https://raw.githubusercontent.com/slamech/commerce-sample-data/refs/heads/main/images/APS-4848.jpg ,https://raw.githubusercontent.com/slamech/commerce-sample-data/refs/heads/main/images/APS-4848.jpg ,https://raw.githubusercontent.com/slamech/commerce-sample-data/refs/heads/main/images/APS-4848.jpg ,,https://raw.githubusercontent.com/slamech/commerce-sample-data/refs/heads/main/images/APS-4848.jpg ,8,0,1,0,0,1,1,1,10000,1,1,1,1,1,1,1,1,1,0,0,0,,,,"stroke=500mm,accuracy=0.02mm,speed=500mm_per_s,load_capacity=50kg,motor=200W_servo",automated-positioning-system
PFC-4949,simple,Default,base,Power Factor Corrector,"Automatic power factor correction system for industrial electrical installations. Features reactive power compensation and harmonic filtering. Includes controller, capacitors, and contactors in metal enclosure.",Automatic power factor correction system,25.5,1,Industrial Parts/Electrical Components,895.5,849.99,"Catalog, Search",Taxable Goods,ABB,Gray,Power Factor Corrector | Electrical Components,"power factor, correction, reactive power",Automatic power factor correction system with reactive power compensation for industrial electrical installations,https://raw.githubusercontent.com/slamech/commerce-sample-data/refs/heads/main/images/PFC-4949.jpg ,https://raw.githubusercontent.com/slamech/commerce-sample-data/refs/heads/main/images/PFC-4949.jpg ,https://raw.githubusercontent.com/slamech/commerce-sample-data/refs/heads/main/images/PFC-4949.jpg ,,https://raw.githubusercontent.com/slamech/commerce-sample-data/refs/heads/main/images/PFC-4949.jpg ,12,0,1,0,0,1,1,1,10000,1,1,1,1,1,1,1,1,1,0,0,0,,,,"reactive_power=50kVAR,stages=5,voltage=400VAC,frequency=50Hz,protection=IP54",power-factor-corrector
IMT-5050,simple,Default,base,Industrial Motion Tracker,Precision motion tracking system for industrial robotics applications. Features multi-axis accelerometers and gyroscopes. Includes mounting hardware and configuration software.,Precision industrial motion tracking system,0.65,1,Industrial Parts/Sensors,345.99,329.95,"Catalog, Search",Taxable Goods,SICK,Black,Industrial Motion Tracker | Sensors,"motion tracking, accelerometer, industrial",Precision motion tracking system with multi-axis sensors for industrial robotics applications,https://raw.githubusercontent.com/slamech/commerce-sample-data/refs/heads/main/images/IMT-5050.jpg ,https://raw.githubusercontent.com/slamech/commerce-sample-data/refs/heads/main/images/IMT-5050.jpg ,https://raw.githubusercontent.com/slamech/commerce-sample-data/refs/heads/main/images/IMT-5050.jpg ,,https://raw.githubusercontent.com/slamech/commerce-sample-data/refs/heads/main/images/IMT-5050.jpg ,15,0,1,0,0,1,1,1,10000,1,1,1,1,1,1,1,1,1,0,0,0,,,,"axes=6,accuracy=0.1degrees,sampling_rate=1000Hz,interface=RS485|CAN,power=12-24VDC",industrial-motion-tracker